table	shortest_gates	witness_payload_hex	count_k1	count_k2	count_k3	count_k4	count_k5
0	1	40	3	72	3081	198678	17867673
1	5	000b13255e	0	0	0	0	192
2	4	020a1c55	0	0	0	64	16304
3	3	000b44	0	0	72	7556	852192
4	4	010a1c4d	0	0	0	64	16304
5	3	001344	0	0	72	7556	852192
6	4	000b1365	0	0	0	72	22776
7	4	000a1c2d	0	0	0	152	35096
8	4	000a1c45	0	0	0	152	35516
9	4	004a1c45	0	0	0	152	31708
10	3	001324	0	0	26	2988	389206
11	5	0009131c2e	0	0	0	0	2300
12	3	000b24	0	0	26	2988	389206
13	5	0009141d36	0	0	0	0	2300
14	4	000b1325	0	0	0	16	6096
15	1	00	1	18	863	62256	6124843
16	4	01021c45	0	0	0	64	16304
17	3	09134c	0	0	72	7556	852192
18	4	09031365	0	0	0	72	22776
19	4	02091c2d	0	0	0	152	35096
20	4	12030b65	0	0	0	72	22776
21	4	01121c2d	0	0	0	152	35096
22	5	0001144b6e	0	0	0	0	8448
23	4	41421c45	0	0	0	96	22368
24	4	41031365	0	0	0	80	19888
25	3	01134c	0	0	16	1600	182400
26	4	01031365	0	0	0	168	34104
27	3	41134c	0	0	8	928	115208
28	4	02030b65	0	0	0	168	34104
29	3	420b54	0	0	8	928	115208
30	4	09121c45	0	0	0	104	32640
31	4	01021c05	0	0	0	456	99872
32	4	02091c4d	0	0	0	152	35516
33	4	09421c4d	0	0	0	152	31708
34	3	091324	0	0	26	2988	389206
35	5	0009141c2e	0	0	0	0	2300
36	4	410b1365	0	0	0	80	19888
37	3	011344	0	0	16	1600	182400
38	4	010b1365	0	0	0	168	34104
39	3	411344	0	0	8	928	115208
40	3	020a5c	0	0	20	2016	233324
41	4	01421c4d	0	0	0	96	20128
42	3	011324	0	0	4	416	64796
43	4	41421c4d	0	0	0	64	13856
44	4	01021c4d	0	0	0	96	20800
45	3	091344	0	0	52	5328	589152
46	4	010b1325	0	0	0	72	25704
47	3	011304	0	0	44	4592	526632
48	3	00015c	0	0	26	2988	389206
49	5	0009132536	0	0	0	0	2300
50	4	09031325	0	0	0	16	6096
51	1	09	1	18	863	62256	6124843
52	4	000a1c4d	0	0	0	168	34104
53	3	4a0354	0	0	8	928	115208
54	4	00121c4d	0	0	0	104	32640
55	4	000a1c0d	0	0	0	456	99872
56	4	010a1c45	0	0	0	96	20800
57	3	00134c	0	0	52	5328	589152
58	4	01031325	0	0	0	72	25704
59	3	00130c	0	0	44	4592	526632
60	1	41	2	36	1290	74244	6179190
61	5	00121c4b2e	0	0	0	0	432
62	4	00134b25	0	0	0	32	13552
63	1	01	2	36	1394	84564	7306030
64	4	01121c55	0	0	0	152	35516
65	4	12411c55	0	0	0	152	31708
66	4	420b1365	0	0	0	80	19888
67	3	020b44	0	0	16	1600	182400
68	3	090a5c	0	0	26	2988	389206
69	5	00120c1c2e	0	0	0	0	2300
70	4	02091c55	0	0	0	168	34104
71	3	420b44	0	0	8	928	115208
72	3	010a5c	0	0	20	2016	233324
73	4	02411c55	0	0	0	96	20128
74	4	01021c55	0	0	0	96	20800
75	3	0a0b44	0	0	52	5328	589152
76	3	020b24	0	0	4	416	64796
77	4	41421c55	0	0	0	64	13856
78	4	020b1325	0	0	0	72	25704
79	3	020b04	0	0	44	4592	526632
80	3	00025c	0	0	26	2988	389206
81	5	000b122536	0	0	0	0	2300
82	4	000a1c55	0	0	0	168	34104
83	3	4a034c	0	0	8	928	115208
84	4	12030b25	0	0	0	16	6096
85	1	12	1	18	863	62256	6124843
86	4	00091c55	0	0	0	104	32640
87	4	00091c15	0	0	0	456	99872
88	4	020a1c45	0	0	0	96	20800
89	3	000b54	0	0	52	5328	589152
90	1	42	2	36	1290	74244	6179190
91	5	00091c532e	0	0	0	0	432
92	4	02030b25	0	0	0	72	25704
93	3	000b14	0	0	44	4592	526632
94	4	000b5325	0	0	0	32	13552
95	1	02	2	36	1394	84564	7306030
96	3	01025c	0	0	20	2016	233324
97	4	0a411c55	0	0	0	96	20128
98	4	010a1c55	0	0	0	96	20800
99	3	02034c	0	0	52	5328	589152
100	4	020a1c4d	0	0	0	96	20800
101	3	010354	0	0	52	5328	589152
102	1	4a	2	36	1290	74244	6179190
103	5	00091c542e	0	0	0	0	432
104	5	4113420d26	0	0	0	0	576
105	3	004a5c	0	0	72	7488	856848
106	3	01125c	0	0	16	1664	205600
107	4	42134b25	0	0	0	64	18560
108	3	02095c	0	0	16	1664	205600
109	4	410b5325	0	0	0	64	18560
110	4	010b5325	0	0	0	128	40512
111	3	015304	0	0	68	6976	777392
112	3	0a0324	0	0	4	416	64796
113	4	414a1c55	0	0	0	64	13856
114	4	004b145d	0	0	0	72	25704
115	3	02030c	0	0	44	4592	526632
116	4	00530c5d	0	0	0	72	25704
117	3	010314	0	0	44	4592	526632
118	4	09035325	0	0	0	32	13552
119	1	0a	2	36	1394	84564	7306030
120	3	000a5c	0	0	16	1664	205600
121	4	41035325	0	0	0	64	18560
122	4	01035325	0	0	0	128	40512
123	3	00530c	0	0	68	6976	777392
124	4	02034b25	0	0	0	128	40512
125	3	004b14	0	0	68	6976	777392
126	4	004b5325	0	0	0	48	15888
127	3	011314	0	0	84	8640	1012920
128	4	000a045d	0	0	0	180	39696
129	5	004b141c6e	0	0	0	0	3216
130	4	000a1365	0	0	0	468	85872
131	4	02030c45	0	0	0	176	34208
132	4	000a0b65	0	0	0	468	85872
133	4	01031445	0	0	0	176	34208
134	5	01021c4a6e	0	0	0	0	4192
135	2	0a43	0	4	200	13660	1258880
136	2	0a1b	0	2	108	8934	990680
137	5	090312255e	0	0	0	0	848
138	4	000a1325	0	0	0	292	59232
139	4	00530c45	0	0	0	200	40688
140	4	000a0b25	0	0	0	292	59232
141	4	004b1445	0	0	0	200	40688
142	5	000a4a1d26	0	0	0	0	6528
143	2	0a03	0	4	200	14244	1361608
144	4	004a045d	0	0	0	468	85872
145	4	000b144d	0	0	0	176	34208
146	5	000b4a255e	0	0	0	0	4192
147	2	024b	0	4	200	13660	1258880
148	5	00134a255e	0	0	0	0	4192
149	2	0153	0	4	200	13660	1258880
150	2	4153	0	12	600	38820	3400704
151	5	004b1c542e	0	0	0	0	960
152	5	010a530526	0	0	0	0	2112
153	2	0953	0	6	324	24118	2421624
154	4	00015365	0	0	0	340	67160
155	4	00134a25	0	0	0	200	47408
156	4	00024b65	0	0	0	340	67160
157	4	000b4a25	0	0	0	200	47408
158	5	000a1c4a6e	0	0	0	0	10400
159	2	4a03	0	4	200	13876	1305128
160	2	021b	0	2	108	8934	990680
161	5	000b12255e	0	0	0	0	848
162	4	000b142d	0	0	0	292	59232
163	4	0153044d	0	0	0	200	40688
164	5	0002530d26	0	0	0	0	2112
165	2	0053	0	6	324	24118	2421624
166	4	000b1265	0	0	0	340	67160
167	4	09134225	0	0	0	200	47408
168	3	020a1c	0	0	16	1696	197560
169	4	000b4265	0	0	0	880	157424
170	0		0	15	936	71103	7008014
171	5	0009121c2e	0	0	0	0	992
172	4	00020b25	0	0	0	488	90080
173	3	0a421c	0	0	16	1936	239104
174	4	000b1225	0	0	0	268	58512
175	2	0203	0	14	732	50742	4719152
176	4	01020325	0	0	0	292	59232
177	4	004b144d	0	0	0	200	40688
178	5	00424a255e	0	0	0	0	6528
179	2	020b	0	4	200	14244	1361608
180	4	000a0c5d	0	0	0	340	67160
181	4	01034225	0	0	0	200	47408
182	5	00024a255e	0	0	0	0	10400
183	2	420b	0	4	200	13876	1305128
184	4	00420c5d	0	0	0	488	90080
185	3	024a1c	0	0	16	1936	239104
186	4	01031225	0	0	0	268	58512
187	2	0a0b	0	14	732	50742	4719152
188	4	00020c5d	0	0	0	544	102400
189	3	424a1c	0	0	16	2064	261744
190	4	00124b25	0	0	0	188	45320
191	4	00025c0d	0	0	0	1420	277048
192	2	011b	0	2	108	8934	990680
193	5	000913255e	0	0	0	0	848
194	5	00014b1526	0	0	0	0	2112
195	2	004b	0	6	324	24118	2421624
196	4	00130c2d	0	0	0	292	59232
197	4	01530455	0	0	0	200	40688
198	4	00091365	0	0	0	340	67160
199	4	0a0b4125	0	0	0	200	47408
200	3	010a1c	0	0	16	1696	197560
201	4	00134165	0	0	0	880	157424
202	4	00011325	0	0	0	488	90080
203	3	0a411c	0	0	16	1936	239104
204	0		0	15	936	71103	7008014
205	5	0009121d26	0	0	0	0	992
206	4	00091325	0	0	0	268	58512
207	2	0103	0	14	732	50742	4719152
208	4	0102041d	0	0	0	292	59232
209	4	00530c55	0	0	0	200	40688
210	4	0009145d	0	0	0	340	67160
211	4	02034125	0	0	0	200	47408
212	5	00414a255e	0	0	0	0	6528
213	2	0113	0	4	200	14244	1361608
214	5	00014a255e	0	0	0	0	10400
215	2	4113	0	4	200	13876	1305128
216	4	0041145d	0	0	0	488	90080
217	3	014a1c	0	0	16	1936	239104
218	4	0001145d	0	0	0	544	102400
219	3	414a1c	0	0	16	2064	261744
220	4	02030925	0	0	0	268	58512
221	2	0913	0	14	732	50742	4719152
222	4	00095325	0	0	0	188	45320
223	4	00015c15	0	0	0	1420	277048
224	3	01021c	0	0	16	1696	197560
225	4	09134165	0	0	0	880	157424
226	4	0109141d	0	0	0	488	90080
227	3	02411c	0	0	16	1936	239104
228	4	020a0c1d	0	0	0	488	90080
229	3	01421c	0	0	16	1936	239104
230	4	01091365	0	0	0	544	102400
231	3	41421c	0	0	16	2064	261744
232	4	0141141d	0	0	0	288	55488
233	4	01134165	0	0	0	672	119616
234	3	01121c	0	0	32	3656	436688
235	3	12411c	0	0	32	3784	452784
236	3	02091c	0	0	32	3656	436688
237	3	09421c	0	0	32	3784	452784
238	3	09121c	0	0	28	4672	673108
239	4	01134c05	0	0	0	304	76632
240	0		0	15	936	71103	7008014
241	5	000912251e	0	0	0	0	992
242	4	0009141d	0	0	0	268	58512
243	2	000b	0	14	732	50742	4719152
244	4	000a0c1d	0	0	0	268	58512
245	2	0013	0	14	732	50742	4719152
246	4	0009541d	0	0	0	188	45320
247	4	000a1c1d	0	0	0	1420	277048
248	3	000a1c	0	0	32	3656	436688
249	3	004a1c	0	0	32	3784	452784
250	3	00121c	0	0	28	4672	673108
251	4	0013440d	0	0	0	304	76632
252	3	00091c	0	0	28	4672	673108
253	4	000b4415	0	0	0	304	76632
254	5	0009134526	0	0	0	0	11616
255	2	0003	0	33	2190	180729	19136448
